member_id,name,date_of_birth,nationality,club,height
29,Virgil van Dijk,1991-07-08,Netherlands,Liverpool,1.95
30,Luis Díaz,1997-01-13,Colombia,Liverpool,1.78
31,Alexis Mac Allister,1998-12-24,Argentina,Liverpool,1.76
32,Mohamed Salah,1992-06-15,Egypt,Liverpool,1.75
33,Alisson,1992-10-02,Brazil,Liverpool,1.93
34,Trent Alexander-Arnold,1998-10-07,England,Liverpool,1.75
35,Dominik Szoboszlai,2000-10-25,Hungary,Liverpool,1.86
36,Darwin Núñez,1999-06-24,Uruguay,Liverpool,1.87
37,Wataru Endo,1993-02-09,Japan,Liverpool,1.78
38,Andrew Robertson,1994-03-11,Scotland,Liverpool,1.78
39,Joe Gomez,1997-05-23,England,Liverpool,1.88
40,Cody Gakpo,1999-05-07,Netherlands,Liverpool,1.93
41,Ibrahima Konaté,1999-05-25,France,Liverpool,1.94
42,Curtis Jones,2001-01-30,England,Liverpool,1.85
43,Diogo Jota,1996-12-04,Portugal,Liverpool,1.78
44,Jarell Quansah,2003-01-29,England,Liverpool,1.90
45,Ryan Gravenberch,2002-05-16,Netherlands,Liverpool,1.90
46,Harvey Elliott,2003-04-04,England,Liverpool,1.70
47,Caoimhín Kelleher,1998-11-23,Ireland,Liverpool,1.88
48,Conor Bradley,2003-07-09,Northern Ireland,Liverpool,1.80
49,Joël Matip,1991-08-08,Cameroon,Liverpool,1.95
50,Kostas Tsimikas,1996-05-12,Greece,Liverpool,1.78
51,Bobby Clark,2005-02-07,England,Liverpool,1.78
52,Stefan Bajcetic,2004-10-22,Spain,Liverpool,1.85
53,Ben Doak,2005-11-11,Scotland,Liverpool,1.75
54,Jayden Danns,2006-09-16,England,Liverpool,1.78
55,Owen Beck,2002-08-09,Wales,Liverpool,1.75
56,Thiago Alcántara,1991-04-11,Spain,Liverpool,1.74
57,James McConnell,2004-06-25,England,Liverpool,1.80
58,Kaide Gordon,2004-10-05,England,Liverpool,1.78
59,Jürgen Klopp,1967-06-16,Germany,Liverpool,1.91
60,Rodri,1996-06-22,Spain,Manchester City,1.91
61,Phil Foden,2000-05-28,England,Manchester City,1.71
62,Ederson,1993-08-17,Brazil,Manchester City,1.88
63,Julián Álvarez,2000-01-31,Argentina,Manchester City,1.70
64,Kyle Walker,1990-05-28,England,Manchester City,1.83
65,Bernardo Silva,1994-08-10,Portugal,Manchester City,1.73
66,Erling Haaland,2000-07-21,Norway,Manchester City,1.94
67,Rúben Dias,1997-05-14,Portugal,Manchester City,1.87
68,Manuel Akanji,1995-07-19,Switzerland,Manchester City,1.87
69,Joško Gvardiol,2002-01-23,Croatia,Manchester City,1.85
70,Nathan Aké,1995-02-18,Netherlands,Manchester City,1.80
71,Jeremy Doku,2002-05-27,Belgium,Manchester City,1.73
72,Mateo Kovačić,1994-05-06,Croatia,Manchester City,1.77
73,Kevin De Bruyne,1991-06-28,Belgium,Manchester City,1.81
74,John Stones,1994-05-28,England,Manchester City,1.88
75,Jack Grealish,1995-09-10,England,Manchester City,1.75
76,Rico Lewis,2004-11-21,England,Manchester City,1.69
77,Matheus Nunes,1998-08-27,Portugal,Manchester City,1.83
78,Stefan Ortega,1992-11-06,Germany,Manchester City,1.85
79,Oscar Bobb,2003-07-12,Norway,Manchester City,1.75
80,Kalvin Phillips,1995-12-02,England,Manchester City,1.78
81,Sergio Gómez,2000-09-04,Spain,Manchester City,1.71
82,Aymeric Laporte,1994-05-27,Spain,Manchester City,1.91
83,Cole Palmer,2002-05-06,England,Manchester City,1.89
84,James Mcatee,2002-10-18,England,Manchester City,1.80
85,Pep Guardiola,1971-01-18,Spain,Manchester City,1.80
86,William Saliba,2001-03-24,France,Arsenal,1.92
87,Declan Rice,1999-01-14,England,Arsenal,1.85
88,Martin Ødegaard,1998-12-17,Norway,Arsenal,1.78
89,Ben White,1997-10-08,England,Arsenal,1.86
90,Bukayo Saka,2001-09-05,England,Arsenal,1.78
91,Gabriel Magalhães,1997-12-19,Brazil,Arsenal,1.90
92,David Raya,1995-09-15,Spain,Arsenal,1.83
93,Kai Havertz,1999-06-11,Germany,Arsenal,1.93
94,Gabriel Martinelli,2001-06-18,Brazil,Arsenal,1.78
95,Oleksandr Zinchenko,1996-12-15,Ukraine,Arsenal,1.75
96,Leandro Trossard,1994-12-04,Belgium,Arsenal,1.72
97,Gabriel Jesus,1997-04-03,Brazil,Arsenal,1.75
98,Jakub Kiwior,2000-02-15,Poland,Arsenal,1.89
99,Takehiro Tomiyasu,1998-11-05,Japan,Arsenal,1.87
100,Eddie Nketiah,1999-05-30,England,Arsenal,1.80
101,Jorginho,1991-12-20,Italy,Arsenal,1.80
102,Thomas Partey,1993-06-13,Ghana,Arsenal,1.85
103,Aaron Ramsdale,1998-05-14,England,Arsenal,1.88
104,Emile Smith Rowe,2000-07-28,England,Arsenal,1.82
105,Fabio Vieira,2000-05-30,Portugal,Arsenal,1.70
106,Reiss Nelson,1999-12-10,England,Arsenal,1.75
107,Jurriën Timber,2001-06-17,Netherlands,Arsenal,1.82
108,Cédric Soares,1991-08-31,Portugal,Arsenal,1.72
109,Mohamed Elneny,1992-07-11,Egypt,Arsenal,1.80
110,Ethan Nwaneri,2007-03-21,England,Arsenal,1.65
111,Mikel Arteta,1982-03-26,Spain,Arsenal,1.75
112,Guglielmo Vicario,1996-10-07,Italy,Tottenham Hotspur,1.94
113,Pedro Porro,1999-09-13,Spain,Tottenham Hotspur,1.73
114,Son Heung-min,1992-07-08,South Korea,Tottenham Hotspur,1.83
115,Cristian Romero,1998-04-27,Argentina,Tottenham Hotspur,1.85
116,Dejan Kulusevski,2000-04-25,Sweden,Tottenham Hotspur,1.86
117,Destiny Udogie,2002-11-28,Italy,Tottenham Hotspur,1.86
118,Micky van de Ven,2001-04-19,Netherlands,Tottenham Hotspur,1.93
119,Pape Matar Sarr,2002-09-14,Senegal,Tottenham Hotspur,1.85
120,James Maddison,1996-11-23,England,Tottenham Hotspur,1.75
121,Yves Bissouma,1996-08-30,Mali,Tottenham Hotspur,1.82
122,Brennan Johnson,2001-05-23,Wales,Tottenham Hotspur,1.79
123,Richarlison,1997-05-10,Brazil,Tottenham Hotspur,1.84
124,Rodrigo Bentancur,1997-06-25,Uruguay,Tottenham Hotspur,1.87
125,Ben Davies,1993-04-24,Wales,Tottenham Hotspur,1.81
126,Emerson,1999-01-14,Brazil,Tottenham Hotspur,1.81
127,Timo Werner,1996-03-06,Germany,Tottenham Hotspur,1.80
128,Pierre Højbjerg,1995-08-05,Denmark,Tottenham Hotspur,1.87
129,Oliver Skipp,2000-09-16,England,Tottenham Hotspur,1.76
130,Giovani Lo Celso,1996-04-09,Argentina,Tottenham Hotspur,1.77
131,Radu Drăgușin,2002-02-03,Romania,Tottenham Hotspur,1.91
132,Bryan Gil,2001-02-11,Spain,Tottenham Hotspur,1.75
133,Manor Solomon,1999-07-24,Israel,Tottenham Hotspur,1.70
134,Eric Dier,1994-01-15,England,Tottenham Hotspur,1.88
135,Ivan Perišić,1989-02-02,Croatia,Tottenham Hotspur,1.86
136,Davinson Sánchez,1996-06-12,Colombia,Tottenham Hotspur,1.87
137,Alejo Véliz,2003-09-19,Argentina,Tottenham Hotspur,1.86
138,Dane Scarlett,2004-03-24,England,Tottenham Hotspur,1.81
139,Mikey Moore,2008-08-11,England,Tottenham Hotspur,1.73
140,Jamie Donley,2005-01-03,Northern Ireland,Tottenham Hotspur,1.85
141,Ange Postecoglou,1965-08-27,Australia,Tottenham Hotspur,1.78
142,Conor Gallagher,2000-02-06,England,Chelsea,1.82
143,Moisés Caicedo,2001-11-02,Ecuador,Chelsea,1.78
144,Nicolas Jackson,2001-06-20,Senegal,Chelsea,1.86
145,Cole Palmer,2002-05-06,England,Chelsea,1.89
146,Axel Disasi,1998-03-11,France,Chelsea,1.90
147,Thiago Silva,1984-09-22,Brazil,Chelsea,1.83
148,Enzo Fernández,2001-01-17,Argentina,Chelsea,1.78
149,Đorđe Petrović,1999-10-08,Serbia,Chelsea,1.94
150,Raheem Sterling,1994-12-08,England,Chelsea,1.70
151,Levi Colwill,2003-02-26,England,Chelsea,1.87
152,Marc Cucurella,1998-07-22,Spain,Chelsea,1.72
153,Malo Gusto,2003-05-19,France,Chelsea,1.79
154,Mykhailo Mudryk,2001-01-05,Ukraine,Chelsea,1.75
155,Robert Sánchez,1997-11-18,Spain,Chelsea,1.97
156,Benoît Badiashile,2001-03-26,France,Chelsea,1.94
157,Noni Madueke,2002-03-10,England,Chelsea,1.76
158,Trevoh Chalobah,1999-07-05,England,Chelsea,1.90
159,Ben Chilwell,1996-12-21,England,Chelsea,1.78
160,Armando Broja,2001-09-10,Albania,Chelsea,1.91
161,Reece James,1999-12-08,England,Chelsea,1.82
162,Lesley Ugochukwu,2004-03-26,France,Chelsea,1.88
163,Christopher Nkunku,1997-11-14,France,Chelsea,1.75
164,Carney Chukwuemeka,2003-10-20,England,Chelsea,1.82
165,Alfie Gilchrist,2003-11-28,England,Chelsea,1.83
166,Ian Maatsen,2002-03-10,Netherlands,Chelsea,1.73
167,Cesare Casadei,2003-01-10,Italy,Chelsea,1.86
168,Roméo Lavia,2004-01-06,Belgium,Chelsea,1.81
169,Deivid Washington,2005-06-05,Brazil,Chelsea,1.80
170,Mason Burstow,2003-08-04,England,Chelsea,1.85
171,Joshua Acheampong,2006-08-01,England,Chelsea,1.84
172,Alex Matos,2005-10-03,England,Chelsea,1.78
173,Jimi Tauriainen,2004-03-09,England,Chelsea,1.83
174,Mauricio Pochettino,1972-03-02,Argentina,Chelsea,1.82
175,Bruno Guimarães,1997-11-16,Brazil,Newcastle United,1.82
176,Fabian Schär,1991-12-20,Switzerland,Newcastle United,1.86
177,Anthony Gordon,2001-02-24,England,Newcastle United,1.83
178,Dan Burn,1992-05-09,England,Newcastle United,1.98
179,Sean Longstaff,1997-10-30,England,Newcastle United,1.81
180,Alexander Isak,1999-09-21,Sweden,Newcastle United,1.92
181,Kieran Trippier,1990-09-19,England,Newcastle United,1.78
182,Miguel Almirón,1994-02-10,Paraguay,Newcastle United,1.74
183,Martin Dúbravka,1989-01-15,Slovakia,Newcastle United,1.90
184,Sven Botman,2000-01-12,Netherlands,Newcastle United,1.95
185,Nick Pope,1992-04-19,England,Newcastle United,1.91
186,Joelinton,1996-08-14,Brazil,Newcastle United,1.86
187,Lewis Miley,2006-05-01,England,Newcastle United,1.83
188,Jacob Murphy,1995-02-24,England,Newcastle United,1.79
189,Jamaal Lascelles,1993-11-11,England,Newcastle United,1.88
190,Valentino Livramento,2002-11-12,England,Newcastle United,1.82
191,Elliot Anderson,2002-11-06,England,Newcastle United,1.79
192,Callum Wilson,1992-02-27,England,Newcastle United,1.80
193,Emil Krafth,1994-08-02,Sweden,Newcastle United,1.83
194,Lewis Hall,2004-09-08,England,Newcastle United,1.79
195,Harvey Barnes,1997-12-09,England,Newcastle United,1.74
196,Sandro Tonali,2000-05-08,Italy,Newcastle United,1.81
197,Joe Willock,1999-08-20,England,Newcastle United,1.79
198,Loris Karius,1993-06-22,Germany,Newcastle United,1.89
199,Matt Targett,1995-09-18,England,Newcastle United,1.83
200,Matt Ritchie,1989-09-10,Scotland,Newcastle United,1.72
201,Ben Parkinson,2005-10-31,England,Newcastle United,1.77
202,Paul Dummett,1991-09-26,Wales,Newcastle United,1.83
203,Alex Murphy,2004-06-25,Ireland,Newcastle United,1.86
204,Joe White,2002-10-01,England,Newcastle United,1.83
205,Amadou Diallo,2003-01-20,England,Newcastle United,1.76
206,Michael Ndiweni,2003-11-01,England,Newcastle United,1.80
207,Eddie Howe,1977-11-29,England,Newcastle United,1.78
208,André Onana,1996-04-02,Cameroon,Manchester United,1.90
209,Diogo Dalot,1999-03-18,Portugal,Manchester United,1.84
210,Bruno Fernandes,1994-09-08,Portugal,Manchester United,1.79
211,Alejandro Garnacho,2004-07-01,Argentina,Manchester United,1.80
212,Marcus Rashford,1997-10-31,England,Manchester United,1.80
213,Rasmus Højlund,2003-02-04,Denmark,Manchester United,1.91
214,Casemiro,1992-02-23,Brazil,Manchester United,1.85
215,Kobbie Mainoo,2005-04-19,England,Manchester United,1.75
216,Aaron Wan-Bissaka,1997-11-26,England,Manchester United,1.83
217,Scott McTominay,1996-12-08,Scotland,Manchester United,1.93
218,Harry Maguire,1993-03-05,England,Manchester United,1.94
219,Raphaël Varane,1993-04-25,France,Manchester United,1.91
220,Jonny Evans,1988-01-03,Northern Ireland,Manchester United,1.88
221,Antony,2000-02-24,Brazil,Manchester United,1.74
222,Victor Lindelöf,1994-07-17,Sweden,Manchester United,1.87
223,Christian Eriksen,1992-02-14,Denmark,Manchester United,1.82
224,Luke Shaw,1995-07-12,England,Manchester United,1.78
225,Sofyan Amrabat,1996-08-21,Morocco,Manchester United,1.85
226,Lisandro Martínez,1998-01-18,Argentina,Manchester United,1.75
227,Mason Mount,1999-01-10,England,Manchester United,1.81
228,Anthony Martial,1995-12-05,France,Manchester United,1.81
229,Sergio Reguilón,1996-12-16,Spain,Manchester United,1.78
230,Amad Diallo,2002-07-11,Ivory Coast,Manchester United,1.73
231,Willy Kambwala,2004-08-25,France,Manchester United,1.87
232,Facundo Pellistri,2001-12-20,Uruguay,Manchester United,1.75
233,Hannibal Mejbri,2003-01-21,Tunisia,Manchester United,1.82
234,Omari Forson,2004-07-20,England,Manchester United,1.76
235,Jadon Sancho,2000-03-25,England,Manchester United,1.80
236,Ethan Wheatley,2006-01-03,England,Manchester United,1.86
237,Donny van de Beek,1997-04-18,Netherlands,Manchester United,1.84
238,Daniel Gore,2004-09-26,England,Manchester United,1.77
239,Erik ten Hag,1970-02-02,Netherlands,Manchester United,1.81
240,Vladimír Coufal,1992-08-22,Czech Republic,West Ham United,1.75
241,Emerson Palmieri,1994-08-03,Italy,West Ham United,1.76
242,Jarrod Bowen,1996-12-20,England,West Ham United,1.75
243,James Ward-Prowse,1994-11-01,England,West Ham United,1.73
244,Tomáš Souček,1995-02-27,Czech Republic,West Ham United,1.92
245,Kurt Zouma,1994-10-27,France,West Ham United,1.90
246,Alphonse Areola,1993-02-27,France,West Ham United,1.95
247,Lucas Paquetá,1997-08-27,Brazil,West Ham United,1.80
248,Edson Álvarez,1997-10-24,Mexico,West Ham United,1.87
249,Mohammed Kudus,2000-08-02,Ghana,West Ham United,1.75
250,Nayef Aguerd,1996-03-30,Morocco,West Ham United,1.88
251,Michail Antonio,1990-03-28,Jamaica,West Ham United,1.80
252,Konstantinos Mavropanos,1997-12-11,Greece,West Ham United,1.94
253,Łukasz Fabiański,1985-04-18,Poland,West Ham United,1.90
254,Angelo Ogbonna,1988-05-23,Italy,West Ham United,1.91
255,Saïd Benrahma,1995-08-10,Algeria,West Ham United,1.72
256,Ben Johnson,2000-01-24,England,West Ham United,1.79
257,Aaron Cresswell,1989-12-15,England,West Ham United,1.70
258,Pablo Fornals,1996-02-22,Spain,West Ham United,1.78
259,Danny Ings,1992-07-23,England,West Ham United,1.78
260,Kalvin Phillips,1995-12-02,England,West Ham United,1.78
261,Maxwel Cornet,1996-09-27,Ivory Coast,West Ham United,1.79
262,Divin Mubama,2004-10-25,England,West Ham United,1.83
263,George Earthy,2004-09-05,England,West Ham United,1.76
264,Thilo Kehrer,1996-09-21,Germany,West Ham United,1.86
265,Kaelan Casey,2005-01-19,England,West Ham United,1.85
266,David Moyes,1963-04-25,Scotland,West Ham United,1.85
267,Joachim Andersen,1996-05-31,Denmark,Crystal Palace,1.92
268,Tyrick Mitchell,1999-09-01,England,Crystal Palace,1.74
269,Jordan Ayew,1991-09-11,Ghana,Crystal Palace,1.82
270,Jefferson Lerma,1994-10-25,Colombia,Crystal Palace,1.79
271,Jean-Philippe Mateta,1997-06-28,France,Crystal Palace,1.92
272,Eberechi Eze,1998-06-29,England,Crystal Palace,1.78
273,Chris Richards,2000-03-28,United States,Crystal Palace,1.88
274,Marc Guéhi,2000-07-13,England,Crystal Palace,1.82
275,Joel Ward,1989-10-29,England,Crystal Palace,1.88
276,Will Hughes,1995-04-17,England,Crystal Palace,1.85
277,Sam Johnstone,1993-03-25,England,Crystal Palace,1.93
278,Dean Henderson,1997-03-12,England,Crystal Palace,1.88
279,Odsonne Édouard,1998-01-16,France,Crystal Palace,1.87
280,Jeffrey Schlupp,1992-12-23,Ghana,Crystal Palace,1.78
281,Daniel Muñoz,1996-05-26,Colombia,Crystal Palace,1.84
282,Adam Wharton,2004-02-06,England,Crystal Palace,1.82
283,Nathaniel Clyne,1991-04-05,England,Crystal Palace,1.75
284,Michael Olise,2001-12-12,France,Crystal Palace,1.76
285,Cheick Doucouré,2000-01-08,Mali,Crystal Palace,1.80
286,Jaïro Riedewald,1996-09-09,Netherlands,Crystal Palace,1.83
287,Matheus França,2004-04-01,Brazil,Crystal Palace,1.78
288,Naouirou Ahamada,2002-03-29,France,Crystal Palace,1.83
289,David Ozoh,2005-05-06,England,Crystal Palace,1.84
290,Jesurun Rak Sakyi,2002-10-05,England,Crystal Palace,1.76
291,James Tomkins,1989-03-29,England,Crystal Palace,1.91
292,Remi Matthews,1994-02-10,England,Crystal Palace,1.88
293,Oliver Glasner,1974-08-28,Austria,Crystal Palace,1.87
294,Pascal Groß,1991-06-15,Germany,Brighton & Hove Albion,1.81
295,Lewis Dunk,1991-11-21,England,Brighton & Hove Albion,1.92
296,Jan Paul van Hecke,2000-06-08,Netherlands,Brighton & Hove Albion,1.89
297,Simon Adingra,2001-01-01,Ivory Coast,Brighton & Hove Albion,1.75
298,Billy Gilmour,2001-06-11,Scotland,Brighton & Hove Albion,1.70
299,Bart Verbruggen,2002-08-18,Netherlands,Brighton & Hove Albion,1.93
300,Danny Welbeck,1990-11-26,England,Brighton & Hove Albion,1.85
301,João Pedro,2001-09-26,Brazil,Brighton & Hove Albion,1.82
302,Igor,1998-02-10,Brazil,Brighton & Hove Albion,1.85
303,Joël Veltman,1992-01-15,Netherlands,Brighton & Hove Albion,1.84
304,Jason Steele,1990-08-18,England,Brighton & Hove Albion,1.88
305,Facundo Buonanotte,2004-12-23,Argentina,Brighton & Hove Albion,1.74
306,Kaoru Mitoma,1997-05-20,Japan,Brighton & Hove Albion,1.78
307,Evan Ferguson,2004-10-19,Ireland,Brighton & Hove Albion,1.83
308,Carlos Baleba,2004-01-03,Cameroon,Brighton & Hove Albion,1.78
309,Pervis Estupiñán,1998-01-21,Ecuador,Brighton & Hove Albion,1.75
310,Adam Webster,1995-01-04,England,Brighton & Hove Albion,1.90
311,Adam Lallana,1988-05-10,England,Brighton & Hove Albion,1.72
312,James Milner,1986-01-04,England,Brighton & Hove Albion,1.75
313,Tariq Lamptey,2000-09-30,Ghana,Brighton & Hove Albion,1.63
314,Jack Hinshelwood,2005-04-11,England,Brighton & Hove Albion,1.78
315,Solly March,1994-07-20,England,Brighton & Hove Albion,1.80
316,Jakub Moder,1999-04-07,Poland,Brighton & Hove Albion,1.88
317,Mahmoud Dahoud,1996-01-01,Germany,Brighton & Hove Albion,1.78
318,Julio Enciso,2004-01-23,Paraguay,Brighton & Hove Albion,1.73
319,Ansu Fati,2002-10-31,Spain,Brighton & Hove Albion,1.78
320,Valentín Barco,2004-07-23,Argentina,Brighton & Hove Albion,1.72
321,Odeluga Offiah,2002-10-29,England,Brighton & Hove Albion,1.85
322,Mark O'Mahony,2005-01-15,Ireland,Brighton & Hove Albion,1.80
323,Benicio Boaitey,2004-03-08,England,Brighton & Hove Albion,1.76
324,Roberto De Zerbi,1979-06-06,Italy,Brighton & Hove Albion,1.78
325,Illia Zabarnyi,2002-09-01,Ukraine,AFC Bournemouth,1.89
326,Dominic Solanke,1997-09-14,England,AFC Bournemouth,1.87
327,Ryan Christie,1995-02-22,Scotland,AFC Bournemouth,1.78
328,Neto,1989-07-19,Brazil,AFC Bournemouth,1.90
329,Lewis Cook,1997-02-03,England,AFC Bournemouth,1.75
330,Marcos Senesi,1997-05-10,Argentina,AFC Bournemouth,1.85
331,Justin Kluivert,1999-05-05,Netherlands,AFC Bournemouth,1.71
332,Adam Smith,1991-04-29,England,AFC Bournemouth,1.80
333,Marcus Tavernier,1999-03-22,England,AFC Bournemouth,1.76
334,Antoine Semenyo,2000-01-07,Ghana,AFC Bournemouth,1.78
335,Milos Kerkez,2003-11-07,Hungary,AFC Bournemouth,1.80
336,Lloyd Kelly,1998-10-06,England,AFC Bournemouth,1.83
337,Philip Billing,1996-06-11,Denmark,AFC Bournemouth,1.93
338,Max Aarons,2000-01-04,England,AFC Bournemouth,1.78
339,Dango Ouattara,2002-02-11,Burkina Faso,AFC Bournemouth,1.77
340,Alex Scott,2003-08-21,England,AFC Bournemouth,1.78
341,Luis Sinisterra,1999-06-17,Colombia,AFC Bournemouth,1.72
342,Chris Mepham,1997-11-05,Wales,AFC Bournemouth,1.91
343,Mark Travers,1999-05-18,Ireland,AFC Bournemouth,1.91
344,Joe Rothwell,1995-01-11,England,AFC Bournemouth,1.85
345,Enes Ünal,1997-05-10,Turkey,AFC Bournemouth,1.87
346,David Brooks,1997-07-08,Wales,AFC Bournemouth,1.73
347,Ionuț Radu,1997-05-28,Romania,AFC Bournemouth,1.88
348,Jaidon Anthony,1999-12-18,England,AFC Bournemouth,1.83
349,Tyler Adams,1999-02-14,United States,AFC Bournemouth,1.75
350,James Hill,2002-01-10,England,AFC Bournemouth,1.83
351,Kieffer Moore,1992-08-08,Wales,AFC Bournemouth,1.96
352,Hamed Junior Traorè,2000-02-16,Ivory Coast,AFC Bournemouth,1.77
353,Romain Faivre,1998-07-14,France,AFC Bournemouth,1.80
354,Dominic Sadi,2004-09-02,England,AFC Bournemouth,1.79
355,Andoni Iraola,1982-06-22,Spain,AFC Bournemouth,1.80
356,Bernd Leno,1992-03-04,Germany,Fulham,1.90
357,Antonee Robinson,1997-08-08,United States,Fulham,1.83
358,Andreas Pereira,1996-01-01,Brazil,Fulham,1.78
359,João Palhinha,1995-07-09,Portugal,Fulham,1.90
360,Timothy Castagne,1995-12-05,Belgium,Fulham,1.85
361,Calvin Bassey,1999-12-31,Nigeria,Fulham,1.85
362,Alex Iwobi,1996-05-03,Nigeria,Fulham,1.80
363,Willian,1988-08-09,Brazil,Fulham,1.75
364,Tosin Adarabioyo,1997-09-24,England,Fulham,1.96
365,Rodrigo Muniz,2001-05-04,Brazil,Fulham,1.78
366,Raúl Jiménez,1991-05-05,Mexico,Fulham,1.90
367,Tim Ream,1987-10-05,United States,Fulham,1.85
368,Bobby De Cordova-Reid,1993-02-02,Jamaica,Fulham,1.70
369,Harry Wilson,1997-03-22,Wales,Fulham,1.73
370,Issa Diop,1997-01-09,France,Fulham,1.94
371,Harrison Reed,1995-01-27,England,Fulham,1.78
372,Tom Cairney,1991-01-20,Scotland,Fulham,1.83
373,Saša Lukić,1996-08-13,Serbia,Fulham,1.83
374,Kenny Tete,1995-10-09,Netherlands,Fulham,1.80
375,Carlos Vinícius,1995-03-25,Brazil,Fulham,1.90
376,Adama Traoré,1996-01-25,Spain,Fulham,1.78
377,Armando Broja,2001-09-10,Albania,Fulham,1.91
378,Luke Harris,2005-03-04,Wales,Fulham,1.76
379,Fodé Ballo-Touré,1997-01-03,Senegal,Fulham,1.82
380,Aleksandar Mitrović,1994-09-16,Serbia,Fulham,1.89
381,Marco Silva,1977-07-12,Portugal,Fulham,1.83
382,Max Kilman,1997-05-23,England,Wolverhampton Wanderers,1.90
383,Nélson Semedo,1993-11-16,Portugal,Wolverhampton Wanderers,1.77
384,José Sá,1993-01-17,Portugal,Wolverhampton Wanderers,1.92
385,Mario Lemina,1993-09-01,Gabon,Wolverhampton Wanderers,1.84
386,João Gomes,2001-02-12,Brazil,Wolverhampton Wanderers,1.76
387,Toti Gomes,1999-01-16,Portugal,Wolverhampton Wanderers,1.87
388,Matheus Cunha,1999-05-27,Brazil,Wolverhampton Wanderers,1.84
389,Rayan Aït-Nouri,2001-06-06,Algeria,Wolverhampton Wanderers,1.79
390,Craig Dawson,1990-05-06,England,Wolverhampton Wanderers,1.88
391,Hwang Hee-chan,1996-01-26,South Korea,Wolverhampton Wanderers,1.77
392,Pablo Sarabia,1992-05-11,Spain,Wolverhampton Wanderers,1.74
393,Pedro Neto,2000-03-09,Portugal,Wolverhampton Wanderers,1.75
394,Tommy Doyle,2001-10-17,England,Wolverhampton Wanderers,1.78
395,Jean-Ricner Bellegarde,1998-06-27,France,Wolverhampton Wanderers,1.75
396,Matt Doherty,1992-01-16,Ireland,Wolverhampton Wanderers,1.83
397,Santiago Bueno,1998-11-09,Uruguay,Wolverhampton Wanderers,1.86
398,Boubacar Traoré,2001-08-20,Mali,Wolverhampton Wanderers,1.83
399,Hugo Bueno,2002-09-18,Spain,Wolverhampton Wanderers,1.80
400,Daniel Bentley,1993-07-13,England,Wolverhampton Wanderers,1.83
401,Fábio Silva,2002-07-19,Portugal,Wolverhampton Wanderers,1.85
402,Matheus Nunes,1998-08-27,Portugal,Wolverhampton Wanderers,1.83
403,Leon Chiwome,2006-02-24,England,Wolverhampton Wanderers,1.81
404,Nathan Fraser,2005-02-22,Ireland,Wolverhampton Wanderers,1.80
405,Sasa Kalajdzic,1997-07-07,Austria,Wolverhampton Wanderers,2.00
406,Tawanda Chirewa,2004-10-04,Zimbabwe,Wolverhampton Wanderers,1.78
407,Jonny Castro,1994-03-03,Spain,Wolverhampton Wanderers,1.75
408,Enso Gonzalez,2005-01-20,Paraguay,Wolverhampton Wanderers,1.76
409,Gary O'Neil,1983-05-18,England,Wolverhampton Wanderers,1.78
410,Jordan Pickford,1994-03-07,England,Everton,1.85
411,James Tarkowski,1992-11-19,England,Everton,1.85
412,Jarrad Branthwaite,2002-06-27,England,Everton,1.95
413,James Garner,2001-03-13,England,Everton,1.78
414,Dwight McNeil,1999-11-22,England,Everton,1.83
415,Abdoulaye Doucouré,1993-01-01,Mali,Everton,1.84
416,Vitaliy Mykolenko,1999-05-29,Ukraine,Everton,1.81
417,Ashley Young,1985-07-09,England,Everton,1.75
418,Dominic Calvert-Lewin,1997-03-16,England,Everton,1.87
419,Jack Harrison,1996-11-20,England,Everton,1.75
420,Idrissa Gana Gueye,1989-09-26,Senegal,Everton,1.74
421,Amadou Onana,2001-08-16,Belgium,Everton,1.95
422,Ben Godfrey,1998-01-15,England,Everton,1.83
423,Nathan Patterson,2001-10-16,Scotland,Everton,1.83
424,Beto,1998-01-31,Guinea-Bissau,Everton,1.94
425,Séamus Coleman,1988-10-11,Ireland,Everton,1.77
426,Arnaut Danjuma,1997-01-31,Netherlands,Everton,1.78
427,Michael Keane,1993-01-11,England,Everton,1.88
428,André Gomes,1993-07-30,Portugal,Everton,1.88
429,Alex Iwobi,1996-05-03,Nigeria,Everton,1.80
430,Lewis Dobbin,2003-01-03,England,Everton,1.78
431,Youssef Chermiti,2004-05-24,Portugal,Everton,1.92
432,Neal Maupay,1996-08-14,France,Everton,1.73
433,Thomas Cannon,2002-12-28,Ireland,Everton,1.83
434,Tyler Onyango,2003-03-04,England,Everton,1.85
435,Lewis Warrington,2002-10-10,England,Everton,1.80
436,Sean Dyche,1971-06-28,England,Everton,1.83
437,Mark Flekken,1993-06-13,Netherlands,Brentford,1.94
438,Vitaly Janelt,1998-05-10,Germany,Brentford,1.84
439,Christian Nørgaard,1994-03-10,Denmark,Brentford,1.85
440,Nathan Collins,2001-04-30,Ireland,Brentford,1.93
441,Yoane Wissa,1996-09-03,DR Congo,Brentford,1.76
442,Ethan Pinnock,1993-05-29,Jamaica,Brentford,1.87
443,Mathias Jensen,1996-01-01,Denmark,Brentford,1.80
444,Mads Roerslev,1999-06-24,Denmark,Brentford,1.84
445,Bryan Mbeumo,1999-08-07,Cameroon,Brentford,1.71
446,Kristoffer Ajer,1998-04-17,Norway,Brentford,1.96
447,Ivan Toney,1996-03-16,England,Brentford,1.85
448,Keane Lewis-Potter,2001-02-22,England,Brentford,1.70
449,Ben Mee,1989-09-21,England,Brentford,1.80
450,Sergio Reguilón,1996-12-16,Spain,Brentford,1.78
451,Neal Maupay,1996-08-14,France,Brentford,1.73
452,Mathias Jørgensen,1990-04-23,Denmark,Brentford,1.91
453,Frank Onyeka,1998-01-01,Nigeria,Brentford,1.83
454,Aaron Hickey,2002-06-10,Scotland,Brentford,1.78
455,Mikkel Damsgaard,2000-07-03,Denmark,Brentford,1.80
456,Saman Ghoddos,1993-09-06,Iran,Brentford,1.76
457,Yehor Yarmoliuk,2004-05-01,Ukraine,Brentford,1.82
458,Rico Henry,1997-07-08,England,Brentford,1.70
459,Kevin Schade,2001-11-27,Germany,Brentford,1.84
460,Shandon Baptiste,1998-04-08,Grenada,Brentford,1.76
461,Thomas Strakosha,1995-03-19,Albania,Brentford,1.93
462,Michael Olakigbe,2004-04-06,England,Brentford,1.78
463,Josh Dasilva,1998-04-23,England,Brentford,1.84
464,Myles Peart-Harris,2002-09-19,England,Brentford,1.82
465,Thomas Frank,1973-10-09,Denmark,Brentford,1.80
466,Morgan Gibbs-White,2000-01-27,England,Nottingham Forest,1.78
467,Murillo,2002-07-04,Brazil,Nottingham Forest,1.82
468,Anthony Elanga,2002-04-27,Sweden,Nottingham Forest,1.78
469,Ryan Yates,1997-11-21,England,Nottingham Forest,1.90
470,Callum Hudson-Odoi,2000-11-07,England,Nottingham Forest,1.82
471,Chris Wood,1991-12-07,New Zealand,Nottingham Forest,1.91
472,Danilo,2001-04-29,Brazil,Nottingham Forest,1.77
473,Ola Aina,1996-10-08,Nigeria,Nottingham Forest,1.84
474,Orel Mangala,1998-03-18,Belgium,Nottingham Forest,1.78
475,Nicolás Domínguez,1998-06-28,Argentina,Nottingham Forest,1.79
476,Neco Williams,2001-04-13,Wales,Nottingham Forest,1.83
477,Willy Boly,1991-02-03,Ivory Coast,Nottingham Forest,1.95
478,Matt Turner,1994-06-24,United States,Nottingham Forest,1.91
479,Matz Sels,1992-02-26,Belgium,Nottingham Forest,1.88
480,Moussa Niakhate,1996-03-08,Senegal,Nottingham Forest,1.90
481,Harry Toffolo,1995-08-19,England,Nottingham Forest,1.83
482,Ibrahim Sangaré,1997-12-02,Ivory Coast,Nottingham Forest,1.91
483,Taiwo Awoniyi,1997-08-12,Nigeria,Nottingham Forest,1.85
484,Serge Aurier,1992-12-24,Ivory Coast,Nottingham Forest,1.76
485,Gonzalo Montiel,1997-01-01,Argentina,Nottingham Forest,1.75
486,Andrew Omobamidele,2002-06-23,Ireland,Nottingham Forest,1.88
487,Divock Origi,1995-04-18,Belgium,Nottingham Forest,1.85
488,Nuno Tavares,2000-01-26,Portugal,Nottingham Forest,1.83
489,Odisseas Vlachodimos,1994-04-26,Greece,Nottingham Forest,1.88
490,Joe Worrall,1997-01-10,England,Nottingham Forest,1.90
491,Scott McKenna,1996-11-12,Scotland,Nottingham Forest,1.87
492,Felipe,1989-05-16,Brazil,Nottingham Forest,1.91
493,Brennan Johnson,2001-05-23,Wales,Nottingham Forest,1.79
494,Gio Reyna,2002-11-13,United States,Nottingham Forest,1.85
495,Cheikhou Kouyaté,1989-12-21,Senegal,Nottingham Forest,1.89
496,Rodrigo Ribeiro,2005-04-28,Portugal,Nottingham Forest,1.82
497,Andrey Santos,2004-05-03,Brazil,Nottingham Forest,1.80
498,Brandon Aguilera,2003-06-28,Costa Rica,Nottingham Forest,1.78
499,Nuno Espírito Santo,1974-01-25,Portugal,Nottingham Forest,1.90
500,Thomas Kaminski,1992-10-23,Belgium,Luton Town,1.88
501,Alfie Doughty,1999-12-21,England,Luton Town,1.80
502,Carlton Morris,1995-12-16,England,Luton Town,1.85
503,Ross Barkley,1993-12-05,England,Luton Town,1.85
504,Teden Mengi,2002-04-30,England,Luton Town,1.83
505,Gabriel Osho,1998-08-14,Nigeria,Luton Town,1.85
506,Issa Kaboré,2001-05-12,Burkina Faso,Luton Town,1.78
507,Amari'i Bell,1994-05-05,Jamaica,Luton Town,1.80
508,Chiedozie Ogbene,1997-05-01,Ireland,Luton Town,1.78
509,Tahith Chong,1999-12-04,Netherlands,Luton Town,1.85
510,Reece Burke,1996-09-02,England,Luton Town,1.88
511,Elijah Adebayo,1998-01-07,England,Luton Town,1.93
512,Albert Sambi Lokonga,1999-10-22,Belgium,Luton Town,1.83
513,Jordan Clark,1993-09-22,England,Luton Town,1.75
514,Andros Townsend,1991-07-16,England,Luton Town,1.81
515,Tom Lockyer,1994-12-03,Wales,Luton Town,1.85
516,Marvelous Nakamba,1994-01-19,Zimbabwe,Luton Town,1.78
517,Jacob Brown,1998-04-10,Scotland,Luton Town,1.78
518,Pelly Ruddock Mpanzu,1993-03-22,DR Congo,Luton Town,1.75
519,Daiki Hashioka,1999-05-17,Japan,Luton Town,1.82
520,Ryan Giles,2000-01-26,England,Luton Town,1.78
521,Fred Onyedinma,1996-11-24,England,Luton Town,1.80
522,Mads Juel Andersen,1997-12-27,Denmark,Luton Town,1.90
523,Cauley Woodrow,1994-12-02,England,Luton Town,1.83
524,Luke Berry,1992-07-12,England,Luton Town,1.75
525,Joseph Johnson,2006-03-15,England,Luton Town,1.78
526,James Shea,1991-06-16,England,Luton Town,1.85
527,Zack Nelson,2005-09-10,England,Luton Town,1.80
528,Rob Edwards,1982-12-25,England,Luton Town,1.85
529,Sander Berge,1998-02-14,Norway,Burnley,1.95
530,Dara O'Shea,1999-03-04,Ireland,Burnley,1.83
531,James Trafford,2002-10-10,England,Burnley,1.97
532,Zeki Amdouni,2000-12-04,Switzerland,Burnley,1.85
533,Vitinho,1999-07-23,Brazil,Burnley,1.75
534,Charlie Taylor,1993-09-18,England,Burnley,1.83
535,Wilson Odobert,2004-11-28,France,Burnley,1.78
536,Josh Brownhill,1995-12-19,England,Burnley,1.75
537,Josh Cullen,1996-04-07,Ireland,Burnley,1.75
538,Lyle Foster,2000-09-03,South Africa,Burnley,1.85
539,Jacob Bruun Larsen,1998-09-19,Denmark,Burnley,1.83
540,Maxime Estève,2002-05-26,France,Burnley,1.92
541,Lorenz Assignon,2000-06-22,Togo,Burnley,1.80
542,Jordan Beyer,2000-05-19,Germany,Burnley,1.87
543,Luca Koleosho,2004-09-15,Italy,Burnley,1.75
544,Jóhann Berg Guðmundsson,1990-10-27,Iceland,Burnley,1.79
545,Ameen Al-Dakhil,2002-03-06,Belgium,Burnley,1.86
546,Arijanet Muric,1998-11-07,Kosovo,Burnley,1.98
547,David Datro Fofana,2002-12-22,Ivory Coast,Burnley,1.81
548,Connor Roberts,1995-09-23,Wales,Burnley,1.73
549,Jay Rodriguez,1989-07-29,England,Burnley,1.85
550,Hannes Delcroix,1999-02-28,Belgium,Burnley,1.85
551,Aaron Ramsey,2003-07-21,England,Burnley,1.78
552,Hjalmar Ekdal,1998-10-21,Sweden,Burnley,1.86
553,Mike Trésor,1999-05-28,Belgium,Burnley,1.72
554,Anass Zaroury,2000-11-07,Morocco,Burnley,1.76
555,Benson Manuel,1997-03-08,Angola,Burnley,1.75
556,Nathan Redmond,1994-03-06,England,Burnley,1.73
557,Jack Cork,1989-06-25,England,Burnley,1.83
558,Michael Obafemi,2000-07-06,Ireland,Burnley,1.69
559,Han-Noah Massengo,2001-07-07,France,Burnley,1.75
560,Vincent Kompany,1986-04-10,Belgium,Burnley,1.90
561,Gustavo Hamer,1997-06-24,Netherlands,Sheffield United,1.69
562,Jayden Bogle,2000-07-27,England,Sheffield United,1.78
563,Jack Robinson,1993-09-01,England,Sheffield United,1.80
564,Vinicius Souza,1999-06-17,Brazil,Sheffield United,1.87
565,Anel Ahmedhodžić,1999-03-26,Bosnia and Herzegovina,Sheffield United,1.90
566,Wes Foderingham,1991-01-14,England,Sheffield United,1.85
567,Auston Trusty,1998-08-12,United States,Sheffield United,1.91
568,Cameron Archer,2001-12-21,England,Sheffield United,1.75
569,James Mcatee,2002-10-18,England,Sheffield United,1.80
570,Oliver Norwood,1991-04-12,Northern Ireland,Sheffield United,1.78
571,Oliver McBurnie,1996-06-04,Scotland,Sheffield United,1.88
572,Ben Osborn,1994-08-05,England,Sheffield United,1.74
573,Ben Brereton,1999-04-18,Chile,Sheffield United,1.85
574,Andre Brooks,2004-02-22,England,Sheffield United,1.78
575,George Baldock,1993-03-09,Greece,Sheffield United,1.78
576,Oliver Arblaster,2004-03-09,England,Sheffield United,1.80
577,Luke Thomas,2001-06-10,England,Sheffield United,1.81
578,William Osula,2003-08-04,Denmark,Sheffield United,1.85
579,Ivo Grbić,1996-01-18,Croatia,Sheffield United,1.95
580,Mason Holgate,1996-10-22,England,Sheffield United,1.84
581,Yasser Larouci,2000-01-01,Algeria,Sheffield United,1.76
582,John Egan,1992-10-20,Ireland,Sheffield United,1.85
583,Max Lowe,1997-05-11,England,Sheffield United,1.76
584,Anis Ben Slimane,2001-03-16,Tunisia,Sheffield United,1.88
585,Bénie Traoré,2002-11-30,Ivory Coast,Sheffield United,1.75
586,Rhian Brewster,2000-04-01,England,Sheffield United,1.80
587,Chris Basham,1988-07-20,England,Sheffield United,1.91
588,Tom Davies,1998-06-30,England,Sheffield United,1.80
589,Rhys Norrington-Davies,1999-04-22,Wales,Sheffield United,1.75
590,John Fleck,1991-08-24,Scotland,Sheffield United,1.75
591,Sam Curtis,2006-12-01,Ireland,Sheffield United,1.83
592,Daniel Jebbison,2003-07-11,England,Sheffield United,1.90
593,Antwoine Hackford,2004-03-20,England,Sheffield United,1.80
594,Sydie Peck,2005-01-19,England,Sheffield United,1.78
595,Ryan One,2006-03-27,Scotland,Sheffield United,1.85
596,Chris Wilder,1967-09-23,England,Sheffield United,1.80
597,Ollie Watkins,1995-12-30,England,Aston Villa,1.80
598,Ezri Konsa,1997-10-23,England,Aston Villa,1.83
599,John McGinn,1994-10-18,Scotland,Aston Villa,1.78
600,Douglas Luiz,1998-05-09,Brazil,Aston Villa,1.75
601,Emiliano Martínez,1992-09-02,Argentina,Aston Villa,1.95
602,Pau Torres,1997-01-16,Spain,Aston Villa,1.91
603,Lucas Digne,1993-07-20,France,Aston Villa,1.78
604,Moussa Diaby,1999-07-07,France,Aston Villa,1.70
605,Matty Cash,1997-08-07,Poland,Aston Villa,1.85
606,Leon Bailey,1997-08-09,Jamaica,Aston Villa,1.78
607,Diego Carlos,1993-03-15,Brazil,Aston Villa,1.85
608,Boubacar Kamara,1999-11-23,France,Aston Villa,1.84
609,Youri Tielemans,1997-05-07,Belgium,Aston Villa,1.76
610,Clément Lenglet,1995-06-17,France,Aston Villa,1.86
611,Álex Moreno,1993-06-08,Spain,Aston Villa,1.79
612,Nicolò Zaniolo,1999-07-02,Italy,Aston Villa,1.90
613,Jacob Ramsey,2001-05-28,England,Aston Villa,1.80
614,Morgan Rogers,2002-07-26,England,Aston Villa,1.87
615,Robin Olsen,1990-01-08,Sweden,Aston Villa,1.96
616,Jáder Durán,2003-12-13,Colombia,Aston Villa,1.86
617,Tim Iroegbunam,2003-06-30,England,Aston Villa,1.83
618,Calum Chambers,1995-01-20,England,Aston Villa,1.83
619,Leander Dendoncker,1995-04-15,Belgium,Aston Villa,1.88
620,Tyrone Mings,1993-03-13,England,Aston Villa,1.96
621,Omari Kellyman,2006-09-15,England,Aston Villa,1.82
622,Philippe Coutinho,1992-06-12,Brazil,Aston Villa,1.72
623,Bertrand Traoré,1995-09-06,Burkina Faso,Aston Villa,1.81
624,Cameron Archer,2001-12-09,England,Aston Villa,1.75
625,Kaine Kesler-Hayden,2002-10-23,England,Aston Villa,1.78
626,Finley Munroe,2005-03-30,England,Aston Villa,1.80
627,Jaden Philogene Bidace,2002-02-08,England,Aston Villa,1.79
628,Unai Emery,1971-11-03,Spain,Aston Villa,1.80
